CRSMBCT|CBANECA|Corp HSBC Costa Rica SA
CRSMBCT|CBANEPA|Corp HSBC Costa Rica SA
CRSMBCT|CIMPCA|Corp ILG Internacional SA
CRSMBCT|FIFCOCA|Florida Ice & Farm Co SA
CRSMBCT|GIMPCA|Grupo Financiero Improsa SA
CRSMBCT|GIMPPB|Grupo Financiero Improsa SA
CRSMBCT|GIMPPC|Grupo Financiero Improsa SA
CRSMBCT|GIMPPE|Grupo Financiero Improsa SA
CRSMBCT|GIMPPD|Grupo Financiero Improsa SA
CRSMBCT|INCCA|Holcim Costa Rica SA
CRSMBCT|ENURCA|Inmobiliaria Enur SA
CRSMBCT|NACIOCA|La Nacion SA
CRSMBCT|TECNOCI|Technofarma SA
