IBOV|ALLL3|All America Latina Logistica SA
IBOV|BTOW3|B2W Cia Global Do Varejo
IBOV|BBDC4|Banco Bradesco SA
IBOV|BBAS3|Banco do Brasil SA
IBOV|SANB11|Banco Santander Brasil SA/Brazil
IBOV|BVMF3|BM&FBovespa SA
IBOV|BRML3|BR Malls Participacoes SA
IBOV|BRAP4|Bradespar SA
IBOV|BRKM5|Braskem SA
IBOV|BRFS3|BRF - Brasil Foods SA
IBOV|BISA3|Brookfield Incorporacoes SA
IBOV|CCRO3|CCR SA
IBOV|ELET3|Centrais Eletricas Brasileiras SA
IBOV|ELET6|Centrais Eletricas Brasileiras SA
IBOV|PCAR4|Cia Brasileira de Distribuicao Grupo Pao
IBOV|AMBV4|Cia de Bebidas das Americas
IBOV|SBSP3|Cia de Saneamento Basico do Estado de Sa
IBOV|CMIG4|Cia Energetica de Minas Gerais
IBOV|CESP6|Cia Energetica de Sao Paulo
IBOV|HGTX3|Cia Hering
IBOV|CPLE6|Cia Paranaense de Energia
IBOV|CSNA3|Cia Siderurgica Nacional SA
IBOV|CIEL3|Cielo SA
IBOV|CSAN3|Cosan SA Industria e Comercio
IBOV|CPFE3|CPFL Energia SA
IBOV|TRPL4|CTEEP
IBOV|CYRE3|Cyrela Brazil Realty SA Empreendimentos
IBOV|DASA3|Diagnosticos da America SA
IBOV|DTEX3|Duratex SA
IBOV|ELPL4|Eletropaulo Metropolitana Eletricidade d
IBOV|EMBR3|Embraer SA
IBOV|FIBR3|Fibria Celulose SA
IBOV|GFSA3|Gafisa SA
IBOV|GGBR4|Gerdau SA
IBOV|GOLL4|Gol Linhas Aereas Inteligentes SA
IBOV|HYPE3|Hypermarcas SA
IBOV|ITUB4|Itau Unibanco Holding SA
IBOV|ITSA4|Itausa - Investimentos Itau SA
IBOV|JBSS3|JBS SA
IBOV|KLBN4|Klabin SA
IBOV|LIGT3|Light SA
IBOV|LLXL3|LLX Logistica SA
IBOV|RENT3|Localiza Rent a Car SA
IBOV|LAME4|Lojas Americanas SA
IBOV|LREN3|Lojas Renner SA
IBOV|MRFG3|Marfrig Alimentos SA
IBOV|GOAU4|Metalurgica Gerdau SA
IBOV|MMXM3|MMX Mineracao e Metalicos SA
IBOV|MRVE3|MRV Engenharia e Participacoes SA
IBOV|NATU3|Natura Cosmeticos SA
IBOV|OGXP3|OGX Petroleo e Gas Participacoes SA
IBOV|OIBR3|Oi SA
IBOV|OIBR4|Oi SA
IBOV|PDGR3|PDG Realty SA Empreendimentos e Particip
IBOV|PETR3|Petroleo Brasileiro SA
IBOV|PETR4|Petroleo Brasileiro SA
IBOV|RDCD3|Redecard SA
IBOV|RSID3|Rossi Residencial SA
IBOV|CRUZ3|Souza Cruz SA
IBOV|TAMM4|TAM SA
IBOV|VIVT4|Telefonica Brasil SA
IBOV|TIMP3|Tim Participacoes SA
IBOV|UGPA3|Ultrapar Participacoes SA
IBOV|USIM3|Usinas Siderurgicas de Minas Gerais SA
IBOV|USIM5|Usinas Siderurgicas de Minas Gerais SA
IBOV|VALE3|Vale SA
IBOV|VALE5|Vale SA
IBOV|VAGR3|Vanguarda Agro SA
