CHILE65|GENER|AES Gener SA
CHILE65|CUPRUM|AFP Cuprum
CHILE65|HABITAT|AFP Habitat SA
CHILE65|PROVIDA|AFP Provida SA
CHILE65|AGUAS/A|Aguas Andinas SA
CHILE65|CHILE|Banco de Chile
CHILE65|BCI|Banco de Credito e Inversiones
CHILE65|BSAN|Banco Santander Chile
CHILE65|BANMED|Banmedica SA
CHILE65|BESALCO|Besalco SA
CHILE65|BLUMAR|Blumar SA
CHILE65|CAP|CAP SA
CHILE65|CEMENT|Cementos BIO BIO SA
CHILE65|CENCOSUD|Cencosud SA
CHILE65|CCU|Cia Cervecerias Unidas SA
CHILE65|CGE|Cia General de Electricidad SA
CHILE65|VAPORES|Cia Sud Americana de Vapores SA
CHILE65|CINTAC|Cintac SA
CHILE65|CONDES|Clinica LAS Condes SA
CHILE65|EMBONOB|Coca-Cola Embonor SA
CHILE65|COLBUN|Colbun SA
CHILE65|CORPBANC|Corpbanca
CHILE65|CRISTAL|Cristalerias de Chile SA
CHILE65|CTI|CTI Cia Tecno Industrial SA
CHILE65|ECL|E.CL SA
CHILE65|ANDINAB|Embotelladora Andina SA
CHILE65|PEHUEN|Empresa Electrica Pehuenche SA
CHILE65|PILMAIQ|Empresa Electrica Pilmaiquen
CHILE65|ENDESA|Empresa Nacional de Electricidad SA/Chil
CHILE65|CMPC|Empresas CMPC SA
CHILE65|COPEC|Empresas COPEC SA
CHILE65|HITES|Empresas Hites SA
CHILE65|IANSA|Empresas Iansa SA
CHILE65|LAPOLAR|Empresas La Polar SA
CHILE65|ENAEX|Enaex SA
CHILE65|ENERSIS|Enersis SA
CHILE65|ENJOY|Enjoy SA
CHILE65|ENTEL|ENTEL Chile SA
CHILE65|FASA|Farmacias Ahumada SA
CHILE65|FORUS|Forus SA
CHILE65|GASCO|Gasco SA
CHILE65|SECUR|Grupo Security SA
CHILE65|INDISA|Instituto de Diagnostico SA
CHILE65|INVERMAR|Invertec Pesquera Mar de Chiloe SA
CHILE65|ANDROMAC|Laboratorios Andromaco SA
CHILE65|LAN|Lan Airlines SA
CHILE65|MADECO|Madeco SA
CHILE65|MASISA|Masisa SA
CHILE65|MULTIFOO|Multiexport Foods SA
CHILE65|PARAUCO|Parque Arauco SA
CHILE65|PAZ|PAZ Corp SA
CHILE65|VENTANA|Puerto Ventanas SA
CHILE65|QUINTEC|Quintec SA
CHILE65|RIPLEY|Ripley Corp SA
CHILE65|FALAB|SACI Falabella
CHILE65|SALFACOR|Salfacorp SA
CHILE65|SK|Sigdo Koppers SA
CHILE65|PUCOBRA|Sociedad Punta del Cobre SA
CHILE65|SQM/B|Sociedad Quimica y Minera de Chile SA
CHILE65|SOCOVESA|Socovesa SA
CHILE65|SONDA|Sonda SA
CHILE65|CTCA|Telefonica Chile SA
CHILE65|CONCHA|Vina Concha y Toro SA
CHILE65|SANPED|Vina San Pedro Tarapaca SA
CHILE65|ZOFRI|Zona Franca de Iquique
