MEXBOL|ALFAA|Alfa SAB
MEXBOL|ALSEA*|Alsea SAB
MEXBOL|AMXL|America Movil SAB
MEXBOL|AC*|Arca Continental SAB
MEXBOL|AXTELCPO|Axtel SAB
MEXBOL|BOLSAA|Bolsa Mexicana de Valores SAB
MEXBOL|CEMEXCPO|Cemex SAB
MEXBOL|COMPARC*|Compartamos SAB
MEXBOL|ARA*|Consorcio ARA SAB
MEXBOL|COMERUBC|Controladora Comercial Mexicana SAB
MEXBOL|GEOB|Corp GEO SAB
MEXBOL|HOMEX*|Desarrolladora Homex SAB
MEXBOL|LIVEPOLC|El Puerto de Liverpool SAB
MEXBOL|ICA*|Empresas ICA SAB
MEXBOL|FEMSAUBD|Fomento Economico Mexicano SAB
MEXBOL|LABB|Genomma Lab Internacional SAB
MEXBOL|GRUMAB|Gruma SAB
MEXBOL|GAPB|Grupo Aeroportuario del Pacifico SAB
MEXBOL|ASURB|Grupo Aeroportuario del Sureste SAB
MEXBOL|BIMBOA|Grupo Bimbo SAB
MEXBOL|CHDRAUIB|Grupo Comercial Chedraui SAB
MEXBOL|ELEKTRA*|Grupo Elektra SAB
MEXBOL|GFNORTEO|Grupo Financiero Banorte SAB
MEXBOL|GMEXICOB|Grupo Mexico SAB
MEXBOL|GMODELOC|Grupo Modelo SAB
MEXBOL|TLEVICPO|Grupo Televisa SAB
MEXBOL|PE&OLES*|Industrias Penoles SAB
MEXBOL|KIMBERA|Kimberly-Clark de Mexico SAB
MEXBOL|MEXCHEM*|Mexichem SAB
MEXBOL|MFRISCOA|Minera Frisco SAB
MEXBOL|OHLMEX*|OHL Mexico SAB
MEXBOL|SORIANAB|Organizacion Soriana SAB
MEXBOL|AZTECACP|TV Azteca SAB
MEXBOL|URBI*|Urbi Desarrollos Urbanos SAB
MEXBOL|WALMEXV|Wal-Mart de Mexico SAB
